{
  "project_info": {
    "project_number": "41113798587",
    "firebase_url": "https://sudent-club-application.firebaseio.com",
    "project_id": "sudent-club-application",
    "storage_bucket": "sudent-club-application.appspot.com"
  },
  "client": [
    {
      "client_info": {
        "mobilesdk_app_id": "1:41113798587:android:c63854a1e1933ede1d669e",
        "android_client_info": {
          "package_name": "com.s.myapplication"
        }
      },
      "oauth_client": [
        {
          "client_id": "41113798587-1apu50vt6lvrch810pa8vt8ou99c69qs.apps.googleusercontent.com",
          "client_type": 3
        }
      ],
      "api_key": [
        {
          "current_key": "AIzaSyAC-fvHADwWGU8LRXnrdsHtyABBiPlZJXU"
        }
      ],
      "services": {
        "appinvite_service": {
          "other_platform_oauth_client": [
            {
              "client_id": "41113798587-1apu50vt6lvrch810pa8vt8ou99c69qs.apps.googleusercontent.com",
              "client_type": 3
            }
          ]
        }
      }
    }
  ],
  "configuration_version": "1"
}